AccelX,AccelY,AccelZ,GyroX,GyroY,GyroZ,IR,Red
10.1,0.14,1.02,-0.05,0.02,-0.01,124325,29318
10.08,0.15,1.04,-0.05,0.02,-0.01,124386,29283
10.08,0.1,1.05,-0.05,0.02,-0.01,124046,29233
10.07,0.14,1.07,-0.06,0.02,-0.01,123897,29244
10.06,0.11,1.07,-0.05,0.02,-0.01,124016,29250
10.11,0.16,1.0,-0.05,0.02,-0.01,124202,29321
10.08,0.12,1.07,-0.05,0.02,-0.01,124285,29329
10.08,0.17,1.07,-0.05,0.02,-0.01,124357,29340
10.06,0.12,1.01,-0.05,0.02,-0.01,124546,29347
10.12,0.16,1.0,-0.05,0.02,-0.01,124620,29350
10.08,0.13,1.08,-0.05,0.02,-0.01,124539,29320
10.09,0.15,1.05,-0.05,0.02,-0.01,124616,29331
10.08,0.12,0.98,-0.05,0.02,-0.01,124811,29352
10.07,0.17,1.05,-0.05,0.02,-0.01,124923,29383
10.07,0.12,1.1,-0.05,0.03,-0.01,124988,29403
10.09,0.14,1.0,-0.05,0.02,-0.01,125075,29414
10.09,0.13,1.03,-0.05,0.02,-0.01,125129,29406
10.08,0.12,1.06,-0.05,0.02,-0.01,125129,29385
10.06,0.13,1.05,-0.05,0.02,-0.01,125173,29395
10.09,0.12,1.02,-0.05,0.02,-0.01,125243,29396
10.08,0.13,0.99,-0.05,0.02,-0.01,125277,29370
10.11,0.17,1.05,-0.05,0.02,-0.01,125048,29330
10.12,0.11,1.04,-0.05,0.02,-0.01,124677,29300
10.12,0.13,1.07,-0.05,0.02,-0.01,124454,29294
10.1,0.16,1.03,-0.05,0.02,-0.01,124463,29324
10.06,0.14,1.04,-0.05,0.02,-0.01,124444,29287
10.11,0.14,1.04,-0.05,0.02,-0.01,124364,29267
10.1,0.13,1.02,-0.05,0.02,-0.01,124395,29271
10.07,0.12,1.05,-0.05,0.02,-0.01,124477,29273
10.11,0.14,1.04,-0.05,0.02,-0.01,124459,29257
10.13,0.12,1.06,-0.05,0.02,-0.01,124475,29266
10.09,0.15,1.03,-0.05,0.02,-0.01,124536,29275
10.1,0.14,1.03,-0.05,0.02,-0.01,124599,29300
10.13,0.12,1.05,-0.05,0.02,-0.01,124703,29336
10.12,0.14,1.03,-0.05,0.02,-0.01,124831,29333
10.08,0.15,1.06,-0.05,0.02,-0.01,124897,29341
10.12,0.14,1.06,-0.05,0.02,-0.01,124936,29336
10.11,0.11,1.01,-0.05,0.02,-0.01,124997,29353
10.11,0.13,1.0,-0.05,0.02,-0.01,125150,29372
10.12,0.14,1.06,-0.05,0.02,-0.01,125242,29348
10.1,0.12,1.01,-0.05,0.02,-0.01,125061,29317
10.08,0.14,1.03,-0.05,0.02,-0.01,124810,29322
10.1,0.12,1.06,-0.05,0.02,-0.01,124673,29324
10.09,0.13,1.01,-0.05,0.02,-0.01,124680,29330
10.14,0.12,1.03,-0.05,0.02,-0.01,124674,29333
10.11,0.14,0.99,-0.05,0.02,-0.01,124589,29297
10.09,0.12,1.05,-0.05,0.02,-0.01,124587,29309
10.13,0.11,1.04,-0.05,0.02,-0.01,124725,29312
10.11,0.12,1.04,-0.05,0.02,-0.01,124706,29283
10.1,0.13,1.07,-0.05,0.02,-0.01,124693,29303
10.14,0.12,1.07,-0.05,0.02,-0.01,124808,29325
10.08,0.11,1.04,-0.05,0.02,-0.01,124888,29350
10.08,0.15,1.0,-0.05,0.02,-0.01,124980,29378
10.11,0.12,1.06,-0.05,0.02,-0.01,125043,29374
10.12,0.13,1.06,-0.05,0.03,-0.01,125033,29347
10.09,0.14,1.02,-0.05,0.03,-0.01,124999,29339
10.09,0.11,1.05,-0.05,0.02,-0.01,125054,29348
10.13,0.15,1.06,-0.05,0.03,-0.01,125060,29322
10.07,0.1,1.05,-0.05,0.02,-0.01,125086,29306
10.09,0.15,1.04,-0.05,0.02,-0.01,124871,29270
10.07,0.12,1.05,-0.05,0.03,-0.01,124544,29271
10.13,0.12,1.05,-0.05,0.02,-0.01,124425,29281
10.12,0.13,1.06,-0.05,0.02,-0.01,124353,29258
10.06,0.13,1.06,-0.05,0.03,-0.01,124252,29237
10.09,0.13,1.08,-0.05,0.02,-0.02,124193,29235
10.09,0.1,1.07,-0.05,0.02,-0.01,124250,29238
10.08,0.13,1.05,-0.05,0.02,-0.01,124268,29225
9.97,0.11,1.12,-0.05,0.03,-0.01,124330,29237
10.14,0.12,1.05,-0.05,0.02,-0.01,124456,29245
10.08,0.11,1.05,-0.05,0.03,-0.01,124477,29269
10.07,0.16,1.04,-0.05,0.03,-0.01,124598,29310
10.07,0.1,1.11,-0.05,0.02,-0.01,124744,29314
10.12,0.11,1.0,-0.05,0.02,-0.01,124827,29306
10.07,0.1,1.08,-0.05,0.03,-0.01,124840,29298
10.11,0.12,1.09,-0.05,0.02,-0.01,124897,29296
10.1,0.12,1.08,-0.05,0.02,-0.01,125030,29300
10.08,0.14,1.02,-0.05,0.02,-0.01,125227,29335
10.07,0.14,1.05,-0.05,0.02,-0.01,125298,29332
10.11,0.1,1.07,-0.05,0.02,-0.01,125052,29324
10.08,0.13,1.12,-0.05,0.02,-0.02,124762,29296
10.07,0.11,1.03,-0.05,0.02,-0.01,124617,29286
10.09,0.15,1.07,-0.05,0.02,-0.01,124584,29276
10.11,0.15,1.11,-0.05,0.02,-0.01,124568,29266
10.07,0.13,1.03,-0.05,0.02,-0.01,124494,29253
10.07,0.13,1.06,-0.05,0.02,-0.01,124561,29262
10.09,0.11,1.09,-0.06,0.02,-0.01,124677,29275
10.11,0.13,1.07,-0.05,0.02,-0.01,124672,29297
10.07,0.11,1.07,-0.05,0.02,-0.01,124670,29300
10.07,0.11,1.06,-0.05,0.02,-0.01,124701,29307
10.09,0.15,1.08,-0.05,0.02,-0.01,124738,29302
10.07,0.11,1.05,-0.05,0.02,-0.01,124860,29324
10.09,0.11,1.03,-0.05,0.02,-0.01,124955,29317
10.13,0.12,1.03,-0.05,0.02,-0.01,124942,29297
10.07,0.14,1.12,-0.05,0.02,-0.01,125039,29310
10.08,0.1,1.04,-0.05,0.02,-0.01,125221,29342
10.1,0.15,1.02,-0.05,0.02,-0.01,125376,29380
10.08,0.12,1.09,-0.05,0.02,-0.01,125492,29403
10.08,0.09,0.99,-0.05,0.02,-0.01,125271,29357
10.07,0.18,1.02,-0.05,0.02,-0.01,125019,29318
10.07,0.09,1.09,-0.05,0.02,-0.01,124861,29297
10.1,0.12,1.04,-0.05,0.02,-0.01,125138,29350
10.1,0.14,1.01,-0.05,0.02,-0.01,125295,29378
10.07,0.16,1.06,-0.05,0.02,-0.01,125526,29413
10.08,0.13,1.03,-0.04,0.02,-0.01,125749,29428
10.08,0.12,1.02,-0.04,0.02,-0.01,125923,29458
10.12,0.16,1.03,-0.03,0.02,-0.01,126190,29514
10.09,0.15,1.04,-0.04,0.02,-0.01,126366,29540
10.11,0.13,1.04,-0.05,0.02,-0.01,126390,29523
10.1,0.12,1.05,-0.05,0.02,-0.01,126321,29506
10.07,0.14,1.07,-0.05,0.03,-0.01,126008,29447
10.11,0.15,1.05,-0.05,0.02,-0.01,125801,29440
10.11,0.12,1.01,-0.05,0.02,-0.01,125772,29440
10.09,0.13,1.03,-0.05,0.02,-0.01,125797,29419
10.12,0.14,1.06,-0.05,0.02,-0.01,125729,29409
10.12,0.12,1.01,-0.05,0.02,-0.01,125662,29422
10.12,0.14,0.98,-0.05,0.03,-0.01,125597,29420
10.05,0.12,1.04,-0.05,0.02,-0.01,125516,29403
10.12,0.13,1.07,-0.05,0.02,-0.01,125367,29363
10.13,0.14,1.03,-0.05,0.02,-0.01,125291,29352
10.08,0.11,1.07,-0.05,0.02,-0.01,125258,29340
10.1,0.16,1.02,-0.05,0.03,-0.01,125230,29312
10.1,0.13,1.04,-0.05,0.02,-0.01,125271,29330
10.13,0.13,1.05,-0.05,0.02,-0.01,125402,29351
10.1,0.13,1.05,-0.05,0.02,-0.01,125440,29372
10.12,0.12,1.06,-0.05,0.03,-0.01,125452,29380
10.13,0.14,1.0,-0.05,0.02,-0.01,125504,29384
10.1,0.12,1.07,-0.05,0.02,-0.01,125600,29381
10.1,0.14,1.08,-0.05,0.03,-0.01,125624,29373
10.13,0.15,1.04,-0.05,0.02,-0.01,125359,29331
9.91,0.11,1.1,-0.05,0.02,-0.01,125261,29331
10.04,0.12,1.0,-0.05,0.03,-0.01,125351,29359
10.15,0.15,1.01,-0.05,0.02,-0.02,125439,29398
10.11,0.11,1.12,-0.05,0.02,-0.01,125352,29389
10.09,0.14,1.03,-0.05,0.02,-0.02,125171,29365
10.08,0.1,1.08,-0.05,0.02,-0.01,125217,29371
10.11,0.16,1.1,-0.05,0.03,-0.01,125406,29401
10.11,0.11,1.0,-0.05,0.02,-0.01,125573,29428
10.1,0.13,1.07,-0.05,0.02,-0.01,125649,29412
10.13,0.14,1.1,-0.05,0.03,-0.01,125654,29408
10.1,0.11,1.02,-0.05,0.03,-0.01,125686,29417
10.06,0.14,1.07,-0.05,0.02,-0.01,125750,29444
10.09,0.11,1.09,-0.05,0.03,-0.01,125822,29467
10.12,0.12,1.03,-0.05,0.02,-0.01,125883,29459
10.1,0.12,1.06,-0.05,0.03,-0.01,125946,29479
10.09,0.13,1.07,-0.05,0.02,-0.01,126087,29478
10.11,0.16,1.09,-0.05,0.02,-0.01,126149,29472
10.08,0.1,1.01,-0.05,0.03,-0.01,126086,29439
10.07,0.12,1.05,-0.05,0.03,-0.01,125808,29383
10.11,0.14,1.06,-0.05,0.02,-0.01,125535,29373
10.12,0.12,1.12,-0.05,0.02,-0.01,125559,29406
10.09,0.12,1.01,-0.05,0.02,-0.01,125567,29424
10.1,0.15,1.05,-0.05,0.02,-0.01,125522,29411
10.08,0.1,1.09,-0.05,0.03,-0.01,125429,29398
10.1,0.13,1.02,-0.05,0.03,-0.01,125368,29368
10.07,0.1,1.06,-0.05,0.02,-0.01,125402,29371
10.09,0.17,1.07,-0.05,0.02,-0.02,125418,29368
10.07,0.1,1.05,-0.05,0.02,-0.01,125399,29357
10.08,0.14,1.03,-0.05,0.02,-0.01,125518,29374
10.08,0.12,1.07,-0.05,0.03,-0.01,125538,29379
10.06,0.13,1.07,-0.05,0.02,-0.01,125580,29407
10.08,0.13,1.04,-0.05,0.02,-0.02,125699,29447
10.08,0.15,1.05,-0.05,0.02,-0.02,125740,29435
10.08,0.13,1.04,-0.05,0.02,-0.02,125622,29382
10.08,0.12,1.02,-0.06,0.02,-0.01,125552,29377
10.09,0.15,1.01,-0.06,0.02,-0.01,125532,29350
10.11,0.11,1.03,-0.06,0.02,-0.01,125531,29342
10.08,0.15,1.07,-0.05,0.01,-0.02,125630,29352
10.06,0.15,1.07,-0.06,0.02,-0.01,125396,29335
10.11,0.13,1.05,-0.07,0.03,-0.01,125016,29322
10.08,0.13,1.05,-0.06,0.02,-0.01,124703,29275
10.09,0.14,1.01,-0.06,0.02,-0.01,124493,29237
10.13,0.13,1.02,-0.05,0.02,-0.01,124412,29229
10.13,0.1,1.04,-0.05,0.02,-0.01,124399,29242
10.08,0.15,1.03,-0.05,0.02,-0.01,124628,29273
10.07,0.14,1.07,-0.05,0.02,-0.01,124924,29315
10.13,0.1,1.02,-0.05,0.02,-0.01,125079,29327
10.09,0.13,1.06,-0.05,0.02,-0.01,125106,29352
10.09,0.15,1.07,-0.05,0.02,-0.01,125136,29361
10.09,0.11,1.02,-0.05,0.02,-0.01,125269,29363
10.12,0.12,1.03,-0.05,0.02,-0.01,125416,29360
10.11,0.14,1.01,-0.05,0.03,-0.01,125441,29342
10.1,0.13,1.05,-0.05,0.02,-0.02,125432,29333
10.11,0.14,1.02,-0.06,0.02,-0.02,125427,29316
10.09,0.15,1.04,-0.07,0.02,-0.01,125435,29326
10.07,0.14,1.03,-0.07,0.02,-0.02,125427,29351
10.11,0.14,1.05,-0.08,0.02,-0.01,125454,29365
10.1,0.15,1.03,-0.07,0.01,-0.02,125313,29325
10.08,0.17,1.03,-0.08,0.02,-0.02,124880,29276
10.1,0.12,1.02,-0.07,0.02,-0.02,124404,29215
10.14,0.15,1.0,-0.07,0.02,-0.02,123997,29163
10.09,0.15,1.05,-0.08,0.02,-0.02,123684,29138
10.08,0.14,1.07,-0.06,0.02,-0.01,123431,29111
10.09,0.14,1.06,-0.05,0.02,-0.02,123352,29108
10.13,0.15,1.01,-0.06,0.03,-0.01,123389,29148
10.1,0.14,1.04,-0.06,0.02,-0.01,123406,29167
10.11,0.16,1.05,-0.06,0.02,-0.01,123404,29161
10.1,0.13,1.04,-0.05,0.02,-0.01,123454,29158
10.08,0.17,1.05,-0.05,0.03,-0.01,123416,29150
10.09,0.12,1.08,-0.06,0.03,-0.01,123383,29150
10.12,0.14,1.1,-0.06,0.03,-0.01,123462,29151
10.1,0.12,1.04,-0.05,0.02,-0.01,123157,29124
10.1,0.11,1.09,-0.05,0.02,-0.02,123328,29163
10.11,0.15,1.04,-0.05,0.02,-0.01,123644,29205
10.09,0.09,1.03,-0.07,0.03,-0.01,123867,29233
10.09,0.15,1.05,-0.05,0.03,-0.01,124014,29218
10.08,0.12,1.06,-0.05,0.03,-0.01,124091,29214
10.09,0.15,1.02,-0.05,0.02,-0.01,124302,29226
10.07,0.12,1.04,-0.05,0.02,-0.01,124448,29231
10.09,0.15,1.03,-0.05,0.02,-0.01,124519,29214
10.07,0.14,1.07,-0.05,0.02,-0.01,124541,29228
10.11,0.11,1.07,-0.07,0.02,-0.02,124627,29237
10.05,0.12,1.05,-0.05,0.02,-0.01,124722,29270
10.11,0.15,1.03,-0.05,0.02,-0.01,124841,29302
10.08,0.11,1.04,-0.05,0.02,-0.01,124849,29273
10.08,0.16,1.03,-0.06,0.02,-0.02,124507,29219
10.07,0.15,1.03,-0.07,0.02,-0.01,124075,29170
10.1,0.17,1.01,-0.1,0.02,-0.01,123805,29149
10.07,0.13,1.04,-0.08,0.02,-0.01,123659,29129
10.13,0.12,1.02,-0.11,0.02,-0.02,123577,29102
10.09,0.15,1.07,-0.07,0.02,-0.01,123562,29118
10.1,0.14,1.03,-0.06,0.02,-0.01,123672,29164
10.07,0.08,1.03,-0.07,0.02,-0.01,123788,29194
10.08,0.13,1.04,-0.05,0.02,-0.01,124021,29249
10.08,0.1,1.04,-0.01,0.02,-0.01,124435,29314
10.11,0.16,0.97,-0.03,0.02,-0.01,124762,29335
10.09,0.13,1.02,-0.05,0.02,-0.01,124895,29355
10.09,0.16,1.02,-0.05,0.02,-0.01,125039,29349
10.09,0.16,0.99,-0.05,0.03,-0.01,124926,29295
10.1,0.12,1.02,-0.09,0.02,-0.01,124821,29305
10.1,0.12,1.02,-0.05,0.03,-0.01,124932,29336
10.15,0.2,1.08,-0.05,0.03,-0.01,125061,29383
10.09,0.04,0.96,-0.05,0.01,-0.02,125298,29402
10.09,0.16,1.05,-0.02,0.02,-0.01,125445,29397
10.07,0.3,0.94,-0.03,0.02,-0.02,125244,29352
10.08,0.13,1.02,-0.06,0.02,-0.01,124884,29310
10.13,0.13,1.0,-0.06,0.02,-0.01,124724,29271
10.11,0.12,0.98,-0.06,0.02,-0.01,124621,29260
10.08,0.17,1.07,-0.06,0.03,-0.01,124474,29267
10.11,0.11,1.03,-0.05,0.02,-0.01,124540,29319
10.11,0.11,0.98,-0.05,0.03,-0.01,124763,29343
10.1,0.18,1.01,-0.05,0.02,-0.01,124932,29346
10.12,0.14,1.06,-0.05,0.02,-0.02,124959,29338
10.13,0.15,1.04,-0.05,0.03,-0.01,124961,29329
10.09,0.15,1.01,-0.05,0.02,-0.02,124906,29306
10.08,0.16,1.05,-0.05,0.03,-0.01,124932,29314
10.09,0.12,1.03,-0.05,0.02,-0.01,125087,29330
10.11,0.13,1.03,-0.05,0.03,-0.01,125183,29359
10.06,0.13,1.07,-0.05,0.03,-0.01,125250,29388
10.11,0.12,1.04,-0.05,0.02,-0.01,125319,29375
10.16,0.14,1.06,-0.05,0.02,-0.01,125335,29342
10.09,0.11,1.05,-0.05,0.02,-0.01,125253,29320
10.09,0.12,1.07,-0.05,0.02,-0.01,124997,29294
10.11,0.13,1.03,-0.05,0.02,-0.01,124811,29251
10.12,0.12,1.04,-0.05,0.03,-0.01,124681,29249
10.08,0.13,1.05,-0.05,0.02,-0.02,124714,29291
10.1,0.15,1.12,-0.05,0.02,-0.01,124758,29304
10.12,0.15,1.03,-0.05,0.03,-0.01,124726,29284
10.06,0.14,1.07,-0.05,0.03,-0.01,124712,29285
10.11,0.14,1.07,-0.05,0.02,-0.01,124794,29282
10.07,0.12,1.09,-0.05,0.02,-0.01,124793,29279
10.13,0.14,1.06,-0.05,0.03,-0.01,124800,29255
10.07,0.14,1.07,-0.05,0.02,-0.01,124827,29267
10.11,0.13,1.07,-0.05,0.02,-0.02,124907,29279
10.11,0.15,1.04,-0.05,0.02,-0.01,124999,29303
10.06,0.13,1.01,-0.05,0.02,-0.01,125087,29327
10.07,0.16,1.07,-0.05,0.02,-0.01,125190,29320
10.1,0.11,1.1,-0.05,0.02,-0.01,125259,29318
10.1,0.15,1.04,-0.05,0.02,-0.02,125355,29319
10.07,0.12,1.0,-0.05,0.02,-0.01,125256,29297
10.09,0.14,1.07,-0.05,0.02,-0.01,124974,29265
10.1,0.13,1.08,-0.05,0.02,-0.01,124833,29240
10.09,0.14,1.04,-0.05,0.02,-0.01,124826,29250
10.08,0.14,1.03,-0.05,0.02,-0.01,124833,29283
10.11,0.15,1.05,-0.05,0.02,-0.02,124810,29292
10.07,0.12,1.0,-0.05,0.02,-0.01,124798,29284
10.08,0.13,1.02,-0.05,0.02,-0.01,124777,29272
10.1,0.15,1.01,-0.05,0.02,-0.01,124741,29256
10.11,0.14,1.08,-0.05,0.02,-0.01,124710,29254
10.09,0.15,1.02,-0.05,0.02,-0.01,124750,29248
10.11,0.14,0.97,-0.05,0.02,-0.01,124782,29237
10.09,0.16,1.07,-0.05,0.02,-0.02,124791,29246
10.05,0.09,1.05,-0.05,0.02,-0.02,124825,29264
10.08,0.19,0.98,-0.05,0.02,-0.01,124902,29293
10.1,0.13,1.06,-0.05,0.02,-0.01,124932,29302
10.09,0.13,1.07,-0.05,0.02,-0.01,124983,29300
10.1,0.13,1.05,-0.05,0.02,-0.01,125057,29294
10.09,0.14,1.02,-0.05,0.02,-0.02,125031,29276
10.07,0.14,1.05,-0.05,0.03,-0.01,124740,29233
10.07,0.11,1.03,-0.05,0.03,-0.01,124445,29189
10.13,0.12,1.03,-0.05,0.02,-0.01,124407,29195
10.09,0.15,1.02,-0.05,0.02,-0.01,124363,29191
10.12,0.14,1.01,-0.05,0.03,-0.01,124303,29194
10.1,0.14,1.04,-0.05,0.02,-0.01,124290,29214
10.1,0.14,0.96,-0.05,0.02,-0.01,124394,29218
10.11,0.17,1.02,-0.05,0.02,-0.01,124505,29216
10.1,0.14,1.05,-0.05,0.02,-0.01,124550,29223
10.11,0.11,1.03,-0.05,0.02,-0.02,124585,29236
10.08,0.15,1.04,-0.05,0.02,-0.01,124635,29234
10.1,0.13,1.05,-0.05,0.03,-0.01,124715,29229
10.12,0.12,1.0,-0.05,0.02,-0.01,124801,29244
10.1,0.13,1.07,-0.05,0.02,-0.01,124646,29261
10.12,0.13,1.01,-0.05,0.02,-0.01,124706,29281
10.1,0.14,1.05,-0.05,0.03,-0.01,124688,29292
10.09,0.15,1.09,-0.05,0.02,-0.01,124756,29296
10.11,0.11,1.03,-0.05,0.03,-0.01,124837,29277
10.09,0.15,1.04,-0.05,0.03,-0.01,124835,29267
10.07,0.12,1.08,-0.05,0.03,-0.01,124796,29260
10.09,0.13,1.08,-0.05,0.02,-0.01,124867,29254
10.1,0.12,1.01,-0.05,0.02,-0.02,125069,29285
10.07,0.14,1.07,-0.05,0.02,-0.01,125263,29322
10.09,0.12,1.11,-0.05,0.03,-0.01,125319,29325
10.07,0.13,1.05,-0.05,0.02,-0.01,125307,29326
10.08,0.09,1.05,-0.05,0.02,-0.01,125380,29331
10.08,0.12,1.09,-0.05,0.02,-0.01,125533,29350
10.09,0.14,1.07,-0.05,0.02,-0.01,125675,29362
10.08,0.11,1.05,-0.05,0.02,-0.01,125731,29359
10.05,0.17,1.03,-0.05,0.02,-0.01,125626,29352
10.07,0.14,1.03,-0.05,0.02,-0.01,125475,29333
10.09,0.15,1.1,-0.05,0.02,-0.01,125369,29362
10.08,0.15,1.05,-0.05,0.02,-0.01,125387,29384
10.13,0.11,1.04,-0.05,0.02,-0.01,125421,29380
10.1,0.15,1.09,-0.05,0.02,-0.01,125390,29386
10.07,0.13,1.02,-0.05,0.02,-0.01,125520,29386
10.08,0.14,1.03,-0.05,0.02,-0.01,125637,29383
10.09,0.15,1.09,-0.05,0.02,-0.01,125618,29377
10.07,0.13,1.03,-0.05,0.02,-0.01,125629,29344
10.11,0.14,1.01,-0.05,0.02,-0.01,125630,29357
10.08,0.11,1.03,-0.05,0.02,-0.01,125702,29384
10.05,0.16,1.07,-0.05,0.02,-0.01,125772,29401
10.07,0.14,1.06,-0.05,0.02,-0.02,125801,29403
10.1,0.13,1.04,-0.05,0.02,-0.01,125755,29386
10.1,0.16,1.01,-0.05,0.02,-0.01,125775,29376
10.09,0.13,1.04,-0.05,0.02,-0.01,125802,29381
10.11,0.15,1.01,-0.05,0.02,-0.01,125892,29381
10.09,0.13,1.0,-0.05,0.02,-0.01,125917,29353
10.11,0.15,1.03,-0.05,0.02,-0.02,125958,29366
10.1,0.13,1.01,-0.05,0.02,-0.01,125947,29364
10.1,0.14,1.04,-0.06,0.02,-0.01,125637,29344
10.1,0.15,1.03,-0.05,0.02,-0.01,125194,29310
10.05,0.13,1.04,-0.05,0.03,-0.01,124897,29290
10.12,0.17,0.98,-0.05,0.02,-0.01,124736,29250
10.1,0.08,1.04,-0.05,0.02,-0.01,124530,29222
10.09,0.18,1.06,-0.05,0.02,-0.01,124389,29220
10.09,0.11,1.02,-0.05,0.02,-0.01,124396,29218
10.1,0.16,1.01,-0.05,0.03,-0.01,124416,29214
10.09,0.13,1.07,-0.05,0.02,-0.01,124350,29202
10.09,0.15,1.02,-0.05,0.02,-0.01,124309,29227
10.15,0.12,1.03,-0.05,0.02,-0.01,124298,29245
10.1,0.12,1.04,-0.05,0.03,-0.01,124309,29254
10.09,0.17,1.05,-0.05,0.02,-0.01,124506,29279
10.08,0.13,1.03,-0.05,0.03,-0.01,124667,29278
10.11,0.15,1.06,-0.05,0.03,-0.01,124709,29278
10.1,0.15,1.03,-0.05,0.02,-0.01,124775,29286
10.11,0.15,1.05,-0.05,0.03,-0.01,124847,29273
10.11,0.13,1.04,-0.05,0.02,-0.01,124935,29290
10.08,0.15,1.04,-0.06,0.03,-0.01,124997,29316
10.11,0.1,1.09,-0.05,0.02,-0.01,125069,29341
10.13,0.17,1.02,-0.05,0.03,-0.01,124841,29298
10.09,0.11,1.06,-0.05,0.03,-0.01,124237,29225
10.1,0.13,1.07,-0.06,0.03,-0.01,123679,29152
10.09,0.14,1.07,-0.06,0.03,-0.01,123394,29139
10.12,0.12,1.03,-0.05,0.02,-0.01,123373,29135
10.04,0.15,1.05,-0.05,0.02,-0.01,123427,29129
10.12,0.12,1.08,-0.05,0.03,-0.01,123570,29171
10.09,0.12,1.05,-0.05,0.02,-0.01,123848,29200
10.1,0.15,1.03,-0.05,0.02,-0.01,123824,29190
10.07,0.18,0.98,-0.08,0.03,-0.01,123409,29146
10.12,0.06,1.17,-0.11,0.03,-0.01,123122,29120
10.15,0.12,1.08,-0.05,0.02,-0.01,123144,29107
10.02,0.11,0.99,-0.05,0.02,-0.01,123272,29130
10.05,0.18,1.02,-0.05,0.02,-0.01,123456,29153
10.08,0.1,1.08,-0.05,0.02,-0.01,123727,29200
10.1,0.1,1.07,-0.02,0.02,-0.01,124196,29277
10.12,0.14,1.05,-0.02,0.02,-0.01,124693,29333
10.1,0.15,1.09,-0.04,0.02,-0.01,125047,29412
10.1,0.17,1.06,-0.05,0.02,-0.01,125248,29450
10.07,0.15,1.06,-0.05,0.02,-0.01,125058,29380
10.08,0.16,1.04,-0.05,0.02,-0.01,124423,29298
10.09,0.11,1.07,-0.05,0.02,-0.01,124006,29282
10.09,0.14,1.06,-0.05,0.02,-0.01,124102,29313
10.09,0.12,1.02,-0.01,0.02,-0.01,124385,29342
10.08,0.18,1.0,-0.03,0.02,-0.01,124502,29349
10.09,0.16,1.03,-0.05,0.02,-0.01,124548,29371
10.09,0.13,1.02,-0.06,0.02,-0.01,124539,29376
10.1,0.14,1.04,-0.06,0.02,-0.01,124526,29373
10.08,0.14,1.06,-0.05,0.02,-0.01,124590,29378
10.11,0.13,1.01,-0.05,0.02,-0.01,124817,29398
10.13,0.15,1.03,-0.05,0.02,-0.01,125015,29400
10.12,0.14,1.05,-0.05,0.02,-0.01,125112,29405
10.1,0.11,1.0,-0.05,0.02,-0.01,125299,29408
10.1,0.13,1.06,-0.05,0.02,-0.01,125482,29445
10.1,0.14,1.01,-0.05,0.02,-0.01,125646,29493
10.11,0.15,1.02,-0.05,0.02,-0.01,125761,29511
10.1,0.14,1.02,-0.05,0.02,-0.01,125813,29515
10.13,0.08,1.0,-0.05,0.02,-0.01,125970,29542
10.11,0.12,1.05,-0.05,0.02,-0.01,126388,29603
10.12,0.3,0.95,0.02,0.02,-0.01,126283,29542
10.08,0.11,0.99,-0.06,0.03,-0.01,125667,29426
10.09,0.14,1.04,-0.08,0.02,-0.01,125266,29436
10.09,0.12,1.05,-0.06,0.03,-0.01,125325,29479
10.11,0.13,1.03,-0.05,0.02,-0.01,124813,29306
10.08,0.14,1.02,-0.05,0.02,-0.01,124803,29314
10.1,0.13,1.05,-0.05,0.02,-0.01,124785,29326
10.13,0.12,1.07,-0.05,0.02,-0.01,124707,29310
10.11,0.11,1.03,-0.06,0.02,-0.01,124574,29302
10.08,0.16,1.05,-0.05,0.02,-0.01,124634,29320
10.1,0.12,1.01,-0.05,0.02,-0.01,124632,29296
10.11,0.14,1.03,-0.07,0.02,-0.01,124582,29284
10.09,0.11,1.07,-0.05,0.02,-0.01,124594,29300
10.09,0.13,1.07,-0.05,0.02,-0.01,124658,29291
10.14,0.13,1.05,-0.05,0.02,-0.02,124724,29306
10.08,0.12,1.04,-0.05,0.02,-0.01,124765,29314
10.13,0.18,1.04,-0.05,0.02,-0.02,124476,29276
10.1,0.11,1.03,-0.05,0.02,-0.01,124053,29269
10.1,0.15,1.0,-0.05,0.03,-0.01,123907,29254
10.08,0.15,1.02,-0.05,0.02,-0.01,123928,29251
10.1,0.15,1.06,-0.05,0.03,-0.01,123836,29235
10.13,0.13,1.04,-0.05,0.03,-0.01,123707,29217
10.09,0.14,1.04,-0.06,0.02,-0.02,123645,29214
10.1,0.15,1.09,-0.05,0.02,-0.02,123689,29196
10.09,0.13,1.08,-0.05,0.03,-0.01,123703,29207
10.11,0.16,1.05,-0.05,0.02,-0.01,123832,29261
10.07,0.13,1.1,-0.05,0.02,-0.01,123990,29287
10.09,0.15,1.06,-0.05,0.02,-0.01,124094,29284
10.09,0.13,1.03,-0.05,0.02,-0.01,124167,29296
10.06,0.14,1.01,-0.05,0.02,-0.01,124236,29290
10.07,0.12,1.08,-0.05,0.02,-0.01,124323,29301
10.09,0.14,1.06,-0.05,0.02,-0.01,124424,29308
10.08,0.14,1.06,-0.05,0.02,-0.01,124558,29318
10.09,0.11,1.05,-0.05,0.02,-0.01,124682,29334
10.11,0.15,1.1,-0.05,0.02,-0.01,124833,29382
10.11,0.11,1.04,-0.05,0.02,-0.01,124798,29382
10.08,0.16,1.06,-0.05,0.02,-0.01,124489,29339
10.08,0.14,1.06,-0.05,0.02,-0.01,124193,29291
10.06,0.17,1.08,-0.05,0.02,-0.01,124106,29297
10.03,0.14,1.04,-0.05,0.02,-0.02,124085,29281
10.13,0.12,0.98,-0.05,0.02,-0.01,124036,29265
10.1,0.08,1.07,-0.05,0.02,-0.01,124041,29262
10.07,0.19,1.05,-0.05,0.02,-0.01,124147,29301
10.07,0.13,1.01,-0.05,0.02,-0.01,124288,29342
10.1,0.15,1.03,-0.05,0.02,-0.01,124316,29326
10.04,0.16,1.05,-0.05,0.02,-0.01,124283,29311
10.13,0.14,1.01,-0.05,0.02,-0.01,124318,29301
10.1,0.13,1.02,-0.05,0.02,-0.01,124375,29303
10.11,0.14,1.04,-0.05,0.02,-0.01,124405,29291
10.07,0.13,1.01,-0.05,0.02,-0.02,124527,29305
10.12,0.14,1.01,-0.05,0.02,-0.02,124647,29322
10.11,0.15,1.03,-0.05,0.02,-0.01,124681,29361
10.13,0.13,1.03,-0.05,0.02,-0.02,124708,29380
10.11,0.12,1.03,-0.05,0.02,-0.01,124761,29370
10.09,0.1,1.01,-0.05,0.02,-0.01,124786,29353
10.11,0.21,1.02,-0.06,0.02,-0.02,124817,29361
10.08,0.12,1.1,-0.05,0.02,-0.01,124685,29328
10.13,0.16,1.0,-0.05,0.02,-0.01,124335,29249
10.1,0.12,1.05,-0.05,0.02,-0.01,124045,29252
10.1,0.13,1.07,-0.05,0.03,-0.01,124006,29280
10.11,0.13,1.07,-0.05,0.02,-0.01,124016,29308
10.14,0.11,1.01,-0.05,0.03,-0.02,123943,29286
10.14,0.16,1.04,-0.05,0.02,-0.01,123923,29282
10.1,0.11,1.07,-0.05,0.03,-0.01,123958,29276
10.13,0.15,1.0,-0.05,0.03,-0.01,123975,29272
10.1,0.13,1.02,-0.05,0.02,-0.01,123956,29256
10.13,0.16,1.0,-0.05,0.02,-0.01,123987,29265
10.14,0.13,1.1,-0.05,0.02,-0.01,124111,29296
10.1,0.15,1.05,-0.05,0.02,-0.01,124249,29337
10.1,0.1,1.02,-0.05,0.02,-0.01,124347,29363
10.1,0.15,1.06,-0.05,0.03,-0.01,124401,29338
10.07,0.11,1.07,-0.05,0.02,-0.02,124463,29317
10.1,0.13,0.99,-0.05,0.02,-0.01,124503,29328
10.06,0.14,1.06,-0.05,0.02,-0.01,124546,29315
10.08,0.14,1.08,-0.05,0.02,-0.01,124568,29318
10.07,0.14,1.05,-0.05,0.02,-0.01,124711,29340
10.08,0.12,1.05,-0.05,0.02,-0.01,124807,29366
10.08,0.14,1.07,-0.05,0.02,-0.01,124633,29365
10.11,0.14,1.11,-0.05,0.02,-0.01,124362,29322
10.06,0.11,1.05,-0.06,0.03,-0.01,124063,29287
10.11,0.16,1.07,-0.06,0.02,-0.01,123965,29271
10.03,0.11,1.07,-0.05,0.02,-0.01,123963,29272
10.08,0.15,1.02,-0.05,0.02,-0.01,124013,29284
10.06,0.14,1.03,-0.05,0.02,-0.01,124176,29303
10.08,0.14,1.03,-0.05,0.02,-0.01,124215,29299
10.08,0.12,1.07,-0.05,0.02,-0.01,124256,29338
10.09,0.11,0.98,-0.04,0.02,-0.01,124354,29351
10.08,0.11,1.02,-0.05,0.02,-0.01,124234,29320
10.12,0.13,1.1,-0.05,0.02,-0.01,124195,29311
10.11,0.13,1.02,-0.05,0.02,-0.01,124269,29318
10.1,0.1,1.04,-0.05,0.02,-0.01,124363,29332
10.07,0.15,0.96,-0.05,0.02,-0.01,124396,29332
10.14,0.13,1.07,-0.05,0.02,-0.01,124481,29314
10.12,0.14,0.98,-0.06,0.02,-0.01,124373,29282
10.09,0.07,1.05,-0.09,0.02,-0.02,124430,29337
10.06,0.18,1.05,-0.05,0.01,-0.02,124800,29418
10.12,0.11,1.05,-0.04,0.02,-0.01,124959,29411
10.11,0.21,0.99,-0.06,0.02,-0.01,124604,29328
10.01,0.13,0.99,-0.11,0.02,-0.02,124099,29285
10.1,0.14,1.02,-0.05,0.02,-0.01,124085,29317
10.15,0.11,1.09,-0.02,0.02,-0.01,124289,29347
10.12,0.23,0.96,-0.05,0.02,-0.02,124358,29340
9.96,0.01,0.97,-0.03,0.02,-0.02,124600,29397
10.11,0.2,1.05,-0.06,0.03,-0.01,124632,29375
10.08,0.12,1.11,-0.05,0.02,-0.01,123555,29291
10.08,0.12,1.06,-0.05,0.02,-0.01,123519,29313
10.05,0.11,1.02,-0.02,0.02,-0.01,123774,29349
10.09,0.15,1.05,-0.04,0.02,-0.01,123971,29365
10.09,0.14,1.01,-0.05,0.02,-0.01,124088,29373
10.07,0.15,1.03,-0.05,0.02,-0.01,124132,29401
10.12,0.11,1.05,-0.05,0.02,-0.01,124222,29437
10.08,0.17,1.14,-0.05,0.02,-0.01,124386,29456
10.08,0.17,0.98,-0.04,0.02,-0.01,124474,29464
10.06,0.12,1.01,-0.03,0.02,-0.01,124243,29418
10.08,0.11,1.04,-0.03,0.02,-0.01,123887,29392
10.11,0.15,1.04,-0.04,0.02,-0.01,123853,29378
10.13,0.15,0.99,-0.04,0.02,-0.02,123839,29357
10.11,0.12,1.06,-0.03,0.02,-0.01,123916,29392
10.08,0.15,1.01,-0.05,0.02,-0.01,123980,29425
10.08,0.11,1.0,-0.05,0.02,-0.01,124158,29457
10.1,0.11,1.05,-0.05,0.02,-0.01,124387,29477
10.12,0.11,1.03,-0.05,0.02,-0.01,124460,29464
10.08,0.15,1.06,-0.05,0.02,-0.01,124636,29483
10.11,0.09,1.01,-0.05,0.02,-0.01,124770,29476
10.03,0.1,0.96,-0.05,0.02,-0.01,124879,29480
10.08,0.16,1.09,-0.05,0.02,-0.01,125140,29517
10.1,0.1,1.03,-0.05,0.03,-0.01,125294,29537
10.11,0.14,0.96,-0.05,0.02,-0.01,125433,29573
10.11,0.14,1.04,-0.05,0.02,-0.01,125526,29583
10.12,0.13,1.04,-0.05,0.02,-0.01,125578,29566
10.1,0.11,1.02,-0.05,0.02,-0.01,125551,29525
10.06,0.15,1.03,-0.05,0.02,-0.01,125352,29496
10.08,0.09,1.06,-0.05,0.02,-0.01,124951,29435
10.1,0.17,1.07,-0.05,0.03,-0.01,124738,29416
10.13,0.12,1.03,-0.05,0.02,-0.02,124730,29430
10.1,0.11,1.01,-0.05,0.02,-0.01,124647,29448
10.11,0.16,1.08,-0.05,0.03,-0.01,124550,29466
10.13,0.1,1.06,-0.05,0.02,-0.01,124555,29458
10.09,0.13,1.04,-0.05,0.03,-0.01,124675,29454
10.07,0.13,1.06,-0.05,0.03,-0.01,124781,29458
10.11,0.12,1.08,-0.05,0.03,-0.01,124828,29453
10.11,0.12,1.06,-0.05,0.02,-0.01,124862,29437
10.06,0.14,1.07,-0.05,0.02,-0.01,124951,29469
10.12,0.14,1.1,-0.05,0.02,-0.01,125134,29507
10.09,0.11,1.07,-0.05,0.02,-0.01,125262,29529
10.04,0.13,1.04,-0.05,0.03,-0.01,125298,29533
10.08,0.14,1.11,-0.05,0.02,-0.01,125343,29540
10.07,0.08,1.11,-0.05,0.02,-0.01,125506,29554
10.08,0.16,1.02,-0.05,0.02,-0.01,125738,29572
10.07,0.13,1.03,-0.03,0.02,-0.01,125803,29543
10.1,0.16,1.07,-0.05,0.02,-0.01,125499,29485
10.07,0.15,1.03,-0.05,0.02,-0.01,125088,29452
10.07,0.12,1.02,-0.06,0.02,-0.01,124863,29469
10.1,0.13,1.07,-0.06,0.02,-0.01,124758,29476
10.07,0.1,1.04,-0.05,0.02,-0.01,124713,29454
10.13,0.14,1.02,-0.05,0.02,-0.01,124780,29462
10.08,0.12,1.05,-0.05,0.02,-0.01,124983,29471
10.07,0.19,1.0,-0.05,0.02,-0.01,125029,29460
10.02,0.11,1.05,-0.05,0.02,-0.01,125127,29462
10.1,0.16,0.97,-0.05,0.02,-0.01,125289,29488
10.07,0.1,1.08,-0.06,0.02,-0.01,125342,29511
10.1,0.15,1.06,-0.06,0.02,-0.01,125423,29543
10.13,0.12,0.98,-0.05,0.02,-0.01,125623,29575
10.1,0.14,1.02,-0.05,0.02,-0.01,125768,29570
10.07,0.15,1.02,-0.05,0.02,-0.01,125771,29547
10.1,0.13,1.02,-0.06,0.02,-0.01,125835,29553
10.11,0.1,1.02,-0.05,0.02,-0.01,125892,29523
10.09,0.14,1.03,-0.06,0.02,-0.01,125964,29532
10.08,0.13,1.02,-0.05,0.02,-0.01,126158,29566
10.13,0.13,1.03,-0.05,0.02,-0.01,126159,29588
10.09,0.13,1.01,-0.05,0.02,-0.01,125862,29561
10.08,0.12,1.01,-0.05,0.03,-0.01,125576,29525
10.11,0.14,1.06,-0.05,0.02,-0.01,125505,29511
10.11,0.1,1.07,-0.05,0.03,-0.01,125547,29513
10.1,0.18,1.03,-0.05,0.02,-0.01,125621,29522
10.08,0.1,1.06,-0.05,0.02,-0.01,125700,29526
10.09,0.13,1.06,-0.05,0.02,-0.01,125904,29561
10.1,0.15,1.0,-0.05,0.02,-0.01,126000,29570
10.07,0.1,1.07,-0.05,0.03,-0.01,125850,29555
10.11,0.15,1.08,-0.05,0.02,-0.01,125745,29550
10.1,0.1,1.04,-0.05,0.02,-0.01,125735,29548
10.05,0.15,1.08,-0.05,0.02,-0.01,125731,29527
10.1,0.1,1.06,-0.05,0.02,-0.01,125841,29539
10.07,0.12,1.06,-0.05,0.02,-0.01,125971,29541
10.12,0.14,1.0,-0.05,0.02,-0.01,126072,29526
10.08,0.12,1.07,-0.05,0.02,-0.01,126147,29552
10.13,0.14,1.12,-0.04,0.02,-0.01,126357,29609
10.06,0.14,1.01,-0.05,0.02,-0.01,126584,29660
10.07,0.13,1.03,-0.05,0.02,-0.01,126758,29667
10.1,0.16,1.06,-0.05,0.02,-0.01,126735,29620
10.08,0.13,1.04,-0.06,0.02,-0.01,126383,29573
10.09,0.12,1.02,-0.07,0.02,-0.01,126062,29540
10.06,0.12,1.08,-0.06,0.02,-0.01,125992,29527
10.13,0.17,1.04,-0.05,0.02,-0.02,126030,29544
10.05,0.12,1.0,-0.06,0.02,-0.01,125918,29528
10.09,0.15,1.0,-0.1,0.02,-0.01,125659,29510
10.12,0.1,1.05,-0.06,0.02,-0.01,125618,29542
10.1,0.14,1.07,-0.05,0.02,-0.01,125821,29560
10.1,0.17,1.0,-0.04,0.02,-0.01,126004,29551
10.1,0.13,1.0,-0.05,0.02,-0.01,126029,29532
9.94,0.13,1.06,-0.06,0.02,-0.01,125905,29492
10.12,0.15,1.0,-0.07,0.02,-0.01,125780,29466
10.1,0.16,1.04,-0.06,0.02,-0.01,125793,29480
10.09,0.11,1.03,-0.05,0.02,-0.01,125894,29502
10.1,0.13,1.03,-0.03,0.02,-0.01,125897,29560
10.12,0.16,1.01,-0.05,0.03,-0.01,125806,29526
10.11,0.12,1.01,-0.05,0.02,-0.01,125693,29501
10.07,0.14,1.07,-0.05,0.02,-0.01,125660,29503
10.1,0.1,1.08,-0.05,0.02,-0.01,125686,29486
10.07,0.11,1.03,-0.04,0.03,-0.01,125776,29520
10.1,0.13,1.03,-0.05,0.02,-0.01,125895,29552
10.1,0.11,1.04,-0.05,0.02,-0.01,125964,29578
10.11,0.14,1.07,-0.04,0.02,-0.01,126053,29609
10.07,0.14,1.01,-0.04,0.02,-0.01,126179,29586
10.07,0.16,1.06,-0.05,0.03,-0.01,126135,29551
10.08,0.12,1.1,-0.05,0.02,-0.01,126116,29540
10.07,0.15,1.04,-0.05,0.02,-0.01,126067,29521
10.07,0.1,1.02,-0.06,0.02,-0.01,126061,29507
10.16,0.19,1.11,-0.06,0.02,-0.02,126157,29505
10.09,0.07,1.07,-0.05,0.02,-0.01,126066,29488
10.12,0.16,1.0,-0.07,0.02,-0.01,125789,29500
10.0,0.06,1.11,-0.05,0.02,-0.01,125625,29511
10.11,0.16,1.05,-0.05,0.02,-0.01,125600,29500
10.08,0.09,1.03,-0.05,0.02,-0.01,125558,29489
10.11,0.15,1.05,-0.05,0.02,-0.01,125466,29473
10.09,0.11,1.08,-0.05,0.02,-0.02,125362,29454
10.05,0.13,1.02,-0.05,0.02,-0.01,125303,29441
10.12,0.12,1.02,-0.05,0.02,-0.01,125379,29432
10.09,0.13,1.02,-0.05,0.02,-0.01,125447,29461
10.08,0.15,1.02,-0.05,0.02,-0.01,125509,29496
10.08,0.11,1.0,-0.05,0.02,-0.01,125568,29524
10.1,0.12,1.03,-0.05,0.02,-0.01,125650,29532
10.08,0.15,1.02,-0.05,0.02,-0.01,125768,29540
10.08,0.15,1.02,-0.05,0.02,-0.01,125804,29518
10.13,0.11,1.03,-0.05,0.03,-0.01,125851,29523
10.12,0.11,1.02,-0.05,0.02,-0.01,125934,29515
10.09,0.14,1.05,-0.05,0.02,-0.01,125971,29503
10.14,0.13,1.03,-0.05,0.02,-0.01,126061,29525
10.12,0.11,0.99,-0.05,0.02,-0.01,126171,29534
10.11,0.15,1.05,-0.05,0.03,-0.01,126030,29536
10.05,0.11,1.01,-0.05,0.02,-0.01,125726,29521
10.15,0.13,1.02,-0.05,0.02,-0.01,125533,29508
10.1,0.15,0.99,-0.05,0.02,-0.01,125423,29479
10.1,0.13,1.03,-0.05,0.02,-0.01,125317,29464
10.15,0.13,1.07,-0.05,0.02,-0.01,125262,29459
10.12,0.14,1.05,-0.05,0.02,-0.01,125321,29463
10.1,0.13,1.03,-0.05,0.02,-0.01,125417,29456
10.09,0.12,1.07,-0.05,0.02,-0.01,125417,29460
10.12,0.14,1.02,-0.05,0.02,-0.01,125429,29486
10.09,0.11,1.02,-0.05,0.02,-0.01,125457,29503
10.1,0.15,1.04,-0.05,0.02,-0.01,125483,29508
10.11,0.1,1.07,-0.05,0.02,-0.01,125552,29516
10.08,0.14,1.02,-0.05,0.02,-0.01,125710,29517
10.08,0.11,1.06,-0.05,0.02,-0.01,125811,29520
10.04,0.15,1.06,-0.05,0.02,-0.02,125883,29508
10.12,0.09,1.04,-0.05,0.02,-0.01,125966,29494
10.04,0.13,1.02,-0.05,0.02,-0.01,126004,29507
10.07,0.14,0.99,-0.06,0.02,-0.01,126026,29513
10.1,0.13,1.09,-0.07,0.02,-0.01,125932,29505
10.09,0.14,1.05,-0.06,0.02,-0.01,125615,29479
10.07,0.11,1.04,-0.05,0.02,-0.01,125260,29446
10.07,0.14,1.03,-0.05,0.02,-0.01,125083,29423
10.07,0.16,1.05,-0.05,0.02,-0.01,125073,29426
10.07,0.11,1.04,-0.05,0.02,-0.01,125014,29417
10.12,0.16,1.08,-0.05,0.02,-0.01,124957,29403
10.06,0.12,1.08,-0.05,0.02,-0.01,125081,29439
10.09,0.13,1.03,-0.05,0.02,-0.01,125411,29520
10.09,0.13,1.03,-0.05,0.02,-0.01,125584,29529
10.07,0.15,1.06,-0.05,0.02,-0.01,125565,29523
10.08,0.12,1.07,-0.05,0.02,-0.01,125624,29532
10.09,0.12,1.0,-0.05,0.02,-0.01,125742,29536
10.1,0.17,0.99,-0.05,0.02,-0.01,125793,29517
10.12,0.12,1.01,-0.05,0.02,-0.02,125672,29457
10.16,0.17,1.04,-0.08,0.02,-0.01,125479,29429
10.12,0.1,1.01,-0.09,0.02,-0.02,125349,29425
10.05,0.12,1.02,-0.05,0.02,-0.01,125444,29459
10.1,0.16,1.02,-0.05,0.02,-0.01,125542,29472
10.08,0.11,1.05,-0.05,0.03,-0.01,125562,29453
10.1,0.14,1.04,-0.05,0.02,-0.01,125469,29433
10.08,0.11,1.03,-0.05,0.02,-0.01,125318,29424
10.12,0.13,1.06,-0.05,0.03,-0.01,125101,29400
10.08,0.1,1.06,-0.05,0.02,-0.01,124940,29378
10.08,0.14,1.07,-0.05,0.03,-0.01,124971,29383
10.12,0.14,1.03,-0.05,0.03,-0.01,124873,29403
10.12,0.09,1.03,-0.05,0.02,-0.01,124797,29451
10.09,0.18,1.05,-0.05,0.02,-0.01,124946,29459
10.07,0.13,1.04,-0.04,0.03,-0.01,124909,29446
10.1,0.13,1.05,-0.05,0.02,-0.01,124997,29462
10.08,0.15,1.04,-0.05,0.02,-0.01,125204,29472
10.09,0.15,1.05,-0.05,0.02,-0.01,125395,29471
10.12,0.14,1.11,-0.06,0.02,-0.02,125489,29481
10.07,0.11,1.06,-0.06,0.02,-0.01,125695,29533
10.08,0.15,0.96,-0.05,0.02,-0.01,125927,29570
10.06,0.11,1.07,-0.05,0.03,-0.01,125934,29545
10.09,0.16,0.98,-0.08,0.03,-0.01,125694,29464
10.06,0.1,1.0,-0.1,0.02,-0.01,125439,29408
10.1,0.12,1.15,-0.06,0.02,-0.01,125261,29398
10.13,0.15,1.06,-0.05,0.02,-0.01,125076,29378
10.09,0.12,0.99,-0.05,0.02,-0.01,124690,29295
10.11,0.14,1.03,-0.05,0.02,-0.01,124409,29285
10.07,0.11,1.07,-0.05,0.02,-0.01,124373,29311
10.09,0.18,1.0,-0.06,0.02,-0.02,124283,29319
10.1,0.11,1.03,-0.06,0.02,-0.01,124157,29296
10.1,0.17,1.03,-0.06,0.02,-0.01,124233,29307
10.12,0.2,1.0,-0.05,0.02,-0.01,124620,29327
10.11,0.07,1.04,-0.05,0.02,-0.01,124811,29341
10.08,0.18,0.96,-0.05,0.02,-0.01,124845,29306
10.06,0.11,0.98,-0.06,0.03,-0.01,124486,29264
10.05,0.14,1.13,-0.05,0.02,-0.01,124210,29278
10.13,0.12,1.0,-0.03,0.02,-0.01,124185,29300
10.07,0.15,0.97,-0.05,0.03,-0.01,124030,29297
10.07,0.12,1.11,-0.05,0.03,-0.01,123876,29267
10.11,0.13,1.08,-0.05,0.02,-0.01,123828,29249
10.05,0.15,1.0,-0.05,0.02,-0.01,123936,29279
10.08,0.13,1.04,-0.05,0.02,-0.01,124179,29293
10.15,0.18,1.01,-0.05,0.02,-0.01,124321,29284
10.1,0.11,1.06,-0.05,0.02,-0.01,124411,29311
10.12,0.16,1.03,-0.05,0.03,-0.01,124529,29349
10.05,0.11,1.07,-0.05,0.02,-0.01,124637,29371
10.13,0.14,1.02,-0.05,0.03,-0.01,124693,29367
10.1,0.11,1.06,-0.05,0.02,-0.01,124762,29358
10.09,0.12,1.05,-0.05,0.02,-0.01,124839,29355
10.09,0.16,1.07,-0.05,0.02,-0.01,125006,29379
10.1,0.1,1.05,-0.05,0.03,-0.01,125188,29399
10.1,0.17,1.02,-0.05,0.02,-0.01,125360,29384
10.09,0.14,1.07,-0.05,0.02,-0.01,125300,29368
10.11,0.13,1.06,-0.05,0.02,-0.01,125006,29356
10.09,0.1,1.07,-0.05,0.02,-0.02,124647,29350
10.06,0.14,1.05,-0.05,0.02,-0.01,124551,29329
10.14,0.14,1.07,-0.05,0.02,-0.01,124444,29325
10.09,0.11,1.01,-0.05,0.02,-0.01,124377,29301
10.08,0.18,1.02,-0.05,0.02,-0.01,124350,29304
10.07,0.13,0.98,-0.05,0.02,-0.01,124482,29312
10.08,0.17,1.02,-0.05,0.03,-0.01,124561,29274
10.08,0.14,1.03,-0.05,0.02,-0.01,124563,29297
10.13,0.12,0.97,-0.06,0.02,-0.01,124642,29327
10.06,0.12,1.02,-0.05,0.02,-0.01,124746,29356
10.07,0.12,1.02,-0.05,0.02,-0.01,124839,29391
10.11,0.1,1.02,-0.05,0.02,-0.01,125051,29419
10.08,0.15,1.06,-0.04,0.02,-0.01,125325,29431
10.08,0.16,1.0,-0.05,0.02,-0.01,125552,29464
10.09,0.14,0.99,-0.04,0.02,-0.01,125755,29473
10.12,0.11,1.06,-0.05,0.02,-0.01,125877,29463
10.09,0.16,1.02,-0.05,0.02,-0.01,126073,29490
10.07,0.15,1.05,-0.04,0.02,-0.01,126081,29490
10.1,0.14,1.04,-0.05,0.02,-0.02,125688,29457
10.09,0.11,1.05,-0.06,0.02,-0.01,125377,29455
10.1,0.14,1.0,-0.05,0.02,-0.01,125378,29459
10.11,0.16,1.02,-0.05,0.02,-0.01,125402,29448
10.1,0.11,1.04,-0.05,0.02,-0.01,125370,29440
10.08,0.15,1.01,-0.05,0.03,-0.01,125380,29453
10.09,0.1,1.1,-0.05,0.02,-0.01,125532,29460
10.11,0.16,1.06,-0.05,0.03,-0.01,125687,29486
10.08,0.13,1.04,-0.04,0.03,-0.01,125782,29484
10.1,0.13,1.04,-0.05,0.03,-0.01,125897,29529
10.09,0.12,1.02,-0.05,0.02,-0.02,125971,29554
10.11,0.11,1.04,-0.05,0.02,-0.01,126004,29527
10.11,0.15,1.06,-0.05,0.02,-0.01,126042,29518
10.09,0.11,1.06,-0.05,0.02,-0.01,126055,29521
10.09,0.14,1.05,-0.05,0.02,-0.01,126200,29537
10.07,0.12,0.99,-0.05,0.02,-0.01,126309,29530
10.09,0.14,1.06,-0.05,0.02,-0.01,126429,29533
10.08,0.1,1.1,-0.05,0.03,-0.01,126330,29511
10.13,0.14,1.05,-0.05,0.02,-0.01,126111,29516
10.07,0.1,1.07,-0.05,0.02,-0.01,125887,29514
10.07,0.11,1.06,-0.05,0.02,-0.01,125801,29507
10.09,0.1,1.08,-0.05,0.02,-0.01,125773,29487
10.08,0.15,1.0,-0.05,0.03,-0.01,125651,29477
10.09,0.12,1.04,-0.05,0.02,-0.01,125708,29494
10.1,0.16,1.02,-0.05,0.02,-0.01,125856,29488
10.06,0.15,1.03,-0.05,0.02,-0.01,125914,29499
10.07,0.14,1.01,-0.05,0.02,-0.01,125940,29500
10.1,0.12,1.05,-0.05,0.02,-0.01,125980,29541
10.07,0.13,1.08,-0.05,0.02,-0.01,126089,29563
10.07,0.12,0.99,-0.05,0.02,-0.01,126139,29550
10.11,0.1,1.04,-0.05,0.02,-0.01,126147,29527
10.08,0.14,1.06,-0.05,0.02,-0.01,126191,29541
10.07,0.12,1.01,-0.05,0.02,-0.01,126267,29534
10.11,0.13,1.0,-0.05,0.02,-0.01,126377,29520
10.12,0.12,1.01,-0.05,0.02,-0.01,126456,29522
10.1,0.14,1.03,-0.05,0.02,-0.01,126219,29517
10.12,0.13,1.04,-0.05,0.02,-0.01,125908,29506
10.13,0.12,1.01,-0.05,0.02,-0.01,125740,29483
10.07,0.12,1.01,-0.05,0.02,-0.01,125626,29455
10.09,0.12,1.02,-0.05,0.02,-0.01,125581,29452
10.13,0.15,1.04,-0.05,0.02,-0.01,125508,29438
10.12,0.13,1.05,-0.05,0.02,-0.01,125536,29430
10.11,0.17,1.03,-0.05,0.02,-0.01,125680,29451
10.11,0.13,1.02,-0.05,0.02,-0.01,125804,29488
10.1,0.13,1.05,-0.05,0.02,-0.01,125872,29517
10.09,0.13,1.03,-0.05,0.02,-0.01,125905,29519
10.1,0.13,1.1,-0.05,0.03,-0.01,125953,29514
10.12,0.13,1.08,-0.05,0.03,-0.01,126026,29509
10.1,0.13,1.04,-0.05,0.02,-0.01,126091,29515
10.07,0.14,1.09,-0.05,0.03,-0.01,126145,29519
10.09,0.12,1.1,-0.05,0.02,-0.01,126317,29525
10.12,0.13,1.03,-0.05,0.02,-0.01,126504,29548
10.08,0.15,1.07,-0.05,0.02,-0.01,126521,29559
10.1,0.13,1.08,-0.05,0.02,-0.01,126241,29538
10.11,0.13,1.07,-0.05,0.02,-0.01,125988,29506
10.05,0.09,1.08,-0.05,0.02,-0.01,125816,29461
10.07,0.16,1.03,-0.05,0.02,-0.01,125695,29452
10.09,0.11,1.09,-0.05,0.02,-0.01,125556,29439
10.1,0.17,1.06,-0.05,0.02,-0.01,125530,29408
10.11,0.16,1.0,-0.05,0.02,-0.01,125582,29435
10.1,0.14,1.05,-0.05,0.03,-0.01,125210,29387
10.08,0.14,1.03,-0.05,0.02,-0.02,125039,29382
10.12,0.16,1.03,-0.05,0.02,-0.01,125004,29375
10.06,0.11,1.05,-0.05,0.03,-0.01,124896,29350
10.14,0.16,1.02,-0.05,0.02,-0.01,124827,29316
10.13,0.09,1.02,-0.05,0.03,-0.01,124850,29343
10.11,0.13,1.03,-0.05,0.02,-0.01,125019,29392
10.11,0.15,1.01,-0.05,0.02,-0.01,125208,29433
10.11,0.15,1.0,-0.05,0.02,-0.01,125256,29419
10.11,0.12,1.05,-0.05,0.02,-0.01,125223,29401
10.13,0.14,1.05,-0.05,0.03,-0.01,125306,29424
10.13,0.16,1.03,-0.05,0.02,-0.01,125411,29429
10.1,0.12,1.01,-0.05,0.02,-0.01,125463,29404
10.07,0.12,1.04,-0.05,0.03,-0.01,125503,29417
10.11,0.14,1.1,-0.05,0.02,-0.01,125665,29457
10.11,0.14,1.04,-0.05,0.02,-0.01,125787,29468
10.07,0.12,1.02,-0.05,0.03,-0.01,125841,29495
10.07,0.17,1.05,-0.05,0.02,-0.01,125779,29466
10.11,0.15,1.03,-0.05,0.02,-0.02,125507,29412
10.07,0.1,1.07,-0.06,0.03,-0.01,125245,29388
10.09,0.13,1.03,-0.05,0.02,-0.01,125223,29387
10.14,0.12,1.06,-0.05,0.02,-0.01,125122,29348
10.11,0.11,1.03,-0.05,0.02,-0.02,125104,29364
10.06,0.12,1.05,-0.05,0.02,-0.01,125162,29384
10.1,0.16,1.05,-0.05,0.02,-0.01,125252,29423
10.1,0.12,1.07,-0.05,0.02,-0.01,125290,29439
10.09,0.17,1.0,-0.05,0.02,-0.01,125355,29445
10.09,0.14,1.01,-0.05,0.02,-0.01,125446,29436
10.06,0.18,1.04,-0.05,0.02,-0.01,125530,29452
10.11,0.14,1.07,-0.05,0.02,-0.01,125651,29461
10.07,0.13,1.05,-0.05,0.02,-0.01,125734,29446
10.08,0.15,1.08,-0.05,0.02,-0.01,125816,29467
10.1,0.1,1.04,-0.05,0.02,-0.01,125944,29497
10.07,0.14,1.01,-0.05,0.02,-0.01,126082,29523
10.1,0.15,0.98,-0.05,0.02,-0.01,125980,29488
10.1,0.19,1.03,-0.06,0.02,-0.01,125606,29439
10.11,0.14,1.05,-0.06,0.02,-0.01,125332,29395
10.12,0.12,1.0,-0.06,0.02,-0.01,125247,29394
10.12,0.14,0.98,-0.05,0.02,-0.01,125237,29377
10.09,0.13,1.05,-0.05,0.02,-0.01,125199,29373
10.08,0.13,1.03,-0.05,0.02,-0.01,125330,29406
10.11,0.12,1.05,-0.05,0.02,-0.01,125601,29460
10.14,0.15,1.05,-0.05,0.02,-0.01,125774,29487
10.11,0.12,1.02,-0.05,0.02,-0.01,125793,29496
10.11,0.13,1.0,-0.05,0.02,-0.01,125850,29501
10.09,0.16,1.02,-0.05,0.02,-0.01,125872,29480
10.1,0.13,1.06,-0.05,0.03,-0.01,125885,29483
10.12,0.14,1.03,-0.05,0.02,-0.01,126002,29506
10.1,0.16,0.99,-0.05,0.02,-0.02,126133,29488
10.08,0.11,1.07,-0.05,0.03,-0.01,126158,29491
10.1,0.15,1.1,-0.05,0.03,-0.01,126252,29524
10.09,0.14,1.02,-0.05,0.02,-0.01,126410,29556
10.08,0.13,1.08,-0.05,0.03,-0.01,126471,29569
10.14,0.14,1.06,-0.05,0.02,-0.01,126449,29545
10.11,0.1,1.04,-0.05,0.02,-0.01,126182,29498
10.06,0.13,1.05,-0.06,0.03,-0.01,125900,29473
10.12,0.14,1.05,-0.06,0.02,-0.01,125749,29432
10.09,0.13,1.07,-0.05,0.02,-0.01,125653,29405
10.08,0.14,1.01,-0.07,0.02,-0.01,125479,29367
10.08,0.13,1.03,-0.07,0.02,-0.01,125328,29391
10.11,0.13,1.07,-0.05,0.02,-0.01,125376,29415
10.13,0.16,1.04,-0.05,0.02,-0.01,125357,29394
10.07,0.12,1.06,-0.06,0.02,-0.01,125276,29374
10.11,0.12,1.07,-0.05,0.02,-0.01,125399,29407
10.08,0.13,1.13,-0.02,0.02,-0.01,125641,29438
10.07,0.08,0.97,-0.04,0.02,-0.01,125774,29447
10.11,0.17,1.04,-0.05,0.02,-0.01,125849,29429
10.08,0.13,1.08,-0.05,0.02,-0.01,125882,29428
10.09,0.14,1.01,-0.06,0.02,-0.01,125925,29476
10.09,0.13,0.99,-0.05,0.02,-0.01,126025,29498
10.08,0.15,1.05,-0.06,0.03,-0.01,126024,29477
10.08,0.14,1.06,-0.05,0.02,-0.01,126074,29490
10.12,0.12,1.04,-0.05,0.02,-0.01,126110,29481
10.08,0.17,1.01,-0.05,0.02,-0.01,125985,29465
10.08,0.12,1.09,-0.05,0.02,-0.01,125684,29425
10.09,0.13,1.03,-0.05,0.02,-0.01,125552,29409
10.11,0.12,1.01,-0.05,0.02,-0.01,125621,29434
10.07,0.13,1.01,-0.02,0.02,-0.01,125842,29509
10.09,0.19,1.0,-0.04,0.02,-0.01,125968,29532
10.11,0.15,0.99,-0.05,0.02,-0.01,126042,29543
10.11,0.14,0.98,-0.05,0.02,-0.02,126192,29592
10.06,0.17,1.04,-0.04,0.02,-0.01,126258,29556
10.09,0.12,1.01,-0.05,0.03,-0.01,126254,29551
10.14,0.13,1.04,-0.05,0.02,-0.01,126239,29533
10.07,0.11,1.06,-0.05,0.02,-0.01,126320,29530
10.1,0.13,1.05,-0.05,0.02,-0.01,126542,29581
10.14,0.16,1.0,-0.04,0.02,-0.01,126729,29629
10.12,0.12,1.03,-0.05,0.03,-0.01,126763,29627
10.09,0.15,1.04,-0.05,0.03,-0.01,126808,29672
10.12,0.11,1.01,-0.05,0.02,-0.01,126927,29647
10.13,0.13,1.0,-0.05,0.03,-0.02,126800,29570
10.07,0.13,1.05,-0.08,0.02,-0.01,126459,29524
10.09,0.14,1.09,-0.06,0.02,-0.01,126125,29487
10.11,0.11,1.07,-0.05,0.02,-0.01,125777,29451
10.06,0.13,1.07,-0.05,0.02,-0.01,125617,29426
10.07,0.13,0.99,-0.05,0.02,-0.01,125491,29403
10.11,0.13,1.12,-0.06,0.03,-0.01,125301,29403
10.1,0.11,1.05,-0.06,0.02,-0.02,125213,29413
10.06,0.11,0.99,-0.05,0.02,-0.02,125345,29426
10.07,0.08,1.05,-0.06,0.02,-0.01,125295,29395
10.08,0.14,1.07,-0.05,0.02,-0.01,125245,29413
10.09,0.09,1.09,-0.05,0.02,-0.01,125384,29432
10.1,0.15,1.04,-0.05,0.03,-0.01,125528,29433
10.11,0.11,1.04,-0.05,0.02,-0.01,125654,29459
10.1,0.12,1.1,-0.04,0.03,-0.01,125841,29484
10.07,0.15,1.02,-0.04,0.02,-0.01,126075,29503
10.07,0.14,1.0,-0.05,0.02,-0.01,126164,29492
10.1,0.14,1.08,-0.06,0.03,-0.01,126139,29505
10.11,0.11,1.08,-0.05,0.02,-0.01,126142,29515
10.07,0.15,1.07,-0.05,0.02,-0.01,126240,29535
10.04,0.09,1.09,-0.05,0.02,-0.01,126337,29519
10.12,0.12,1.08,-0.05,0.03,-0.01,126304,29515
10.07,0.12,1.03,-0.05,0.02,-0.01,126436,29532
10.05,0.15,1.05,-0.05,0.02,-0.01,126537,29542
10.08,0.14,1.04,-0.05,0.02,-0.01,126519,29498
10.07,0.17,1.07,-0.05,0.02,-0.02,126263,29476
10.09,0.1,1.04,-0.05,0.02,-0.02,126121,29477
10.08,0.13,1.06,-0.06,0.02,-0.01,126028,29493
10.08,0.11,1.08,-0.05,0.02,-0.01,126021,29502
10.1,0.14,1.03,-0.05,0.02,-0.01,126016,29495
10.08,0.14,1.0,-0.05,0.02,-0.01,125967,29467
10.06,0.13,1.0,-0.05,0.03,-0.01,125886,29459
10.11,0.15,1.04,-0.05,0.02,-0.01,125973,29478
10.08,0.13,1.0,-0.05,0.02,-0.01,126094,29481
10.12,0.16,1.03,-0.05,0.02,-0.02,126252,29493
10.1,0.12,1.03,-0.05,0.02,-0.01,126357,29511
10.1,0.14,1.01,-0.05,0.02,-0.01,126465,29541
10.1,0.14,1.01,-0.05,0.02,-0.01,126525,29566
10.09,0.11,1.02,-0.06,0.02,-0.01,126578,29563
10.1,0.15,1.05,-0.05,0.02,-0.02,126695,29553
10.13,0.12,1.01,-0.05,0.03,-0.01,126791,29569
10.09,0.13,1.03,-0.05,0.02,-0.02,126872,29576
10.1,0.15,1.02,-0.05,0.02,-0.01,126960,29563
10.11,0.15,1.01,-0.05,0.02,-0.01,127004,29557
10.16,0.13,0.99,-0.05,0.02,-0.01,126992,29576
10.11,0.16,1.01,-0.05,0.02,-0.02,126834,29591
10.07,0.12,1.02,-0.05,0.02,-0.01,126643,29566
10.14,0.16,1.06,-0.05,0.02,-0.01,126525,29544
10.07,0.1,1.02,-0.05,0.03,-0.01,126437,29536
10.07,0.13,1.07,-0.05,0.02,-0.01,126405,29525
10.11,0.13,1.08,-0.05,0.03,-0.01,126313,29517
10.09,0.09,1.03,-0.05,0.03,-0.01,126426,29535
10.1,0.15,1.02,-0.05,0.02,-0.01,126492,29525
10.09,0.12,1.03,-0.05,0.02,-0.02,126438,29544
10.11,0.13,1.07,-0.05,0.02,-0.01,126393,29561
10.09,0.13,1.01,-0.05,0.02,-0.02,126498,29560
10.07,0.13,1.04,-0.05,0.02,-0.01,126563,29543
10.07,0.14,1.1,-0.05,0.03,-0.01,126485,29532
10.08,0.1,1.09,-0.05,0.02,-0.01,126523,29537
10.12,0.12,1.03,-0.05,0.02,-0.01,126609,29515
10.08,0.11,1.06,-0.05,0.03,-0.01,126640,29524
10.14,0.14,1.09,-0.05,0.02,-0.01,126703,29539
10.1,0.09,1.03,-0.05,0.02,-0.01,126766,29563
10.07,0.17,1.0,-0.05,0.02,-0.01,126797,29565
10.1,0.11,1.08,-0.05,0.02,-0.01,126853,29562
10.11,0.14,1.06,-0.05,0.02,-0.01,126739,29534
10.07,0.16,1.0,-0.05,0.02,-0.01,126439,29507
10.09,0.14,1.03,-0.05,0.02,-0.01,126179,29470
10.06,0.11,1.02,-0.05,0.03,-0.01,126026,29444
10.1,0.13,1.01,-0.05,0.02,-0.02,125998,29451
10.08,0.1,1.03,-0.05,0.02,-0.01,125970,29467
10.14,0.16,1.06,-0.05,0.02,-0.01,125893,29476
10.05,0.08,1.09,-0.05,0.02,-0.01,125861,29453
10.1,0.16,1.02,-0.05,0.02,-0.01,125800,29419
10.11,0.13,1.02,-0.06,0.02,-0.01,125688,29411
10.07,0.16,1.05,-0.05,0.02,-0.01,125692,29434
10.09,0.15,0.99,-0.05,0.02,-0.02,125822,29444
10.09,0.14,0.97,-0.04,0.02,-0.01,126027,29482
10.12,0.17,1.02,-0.03,0.02,-0.02,126294,29521
10.08,0.13,1.02,-0.04,0.02,-0.01,126449,29555
10.1,0.14,1.04,-0.05,0.03,-0.01,126465,29554
10.1,0.12,1.01,-0.05,0.02,-0.01,126487,29543
10.09,0.15,1.04,-0.05,0.02,-0.01,126514,29529
10.06,0.16,0.97,-0.05,0.03,-0.01,126530,29519
10.09,0.13,0.96,-0.06,0.02,-0.01,126449,29508
10.11,0.14,1.05,-0.05,0.02,-0.02,126218,29445
10.08,0.17,1.06,-0.06,0.03,-0.01,125910,29413
10.1,0.11,1.04,-0.06,0.02,-0.01,125644,29428
10.12,0.16,1.0,-0.06,0.02,-0.01,125502,29417
10.11,0.13,1.02,-0.05,0.02,-0.01,125404,29399
10.08,0.13,1.02,-0.05,0.03,-0.01,125210,29369
10.11,0.11,1.04,-0.05,0.02,-0.01,125213,29382
10.1,0.13,1.03,-0.05,0.03,-0.01,125248,29377
10.09,0.15,1.01,-0.05,0.02,-0.01,125170,29348
10.1,0.15,1.07,-0.05,0.02,-0.01,125242,29379
10.07,0.15,1.04,-0.05,0.02,-0.01,125443,29412
10.07,0.15,1.0,-0.05,0.03,-0.01,125481,29422
10.09,0.13,1.05,-0.05,0.03,-0.01,125452,29423
10.13,0.12,1.07,-0.05,0.02,-0.01,125508,29430
10.09,0.15,1.05,-0.05,0.02,-0.01,125593,29429
10.06,0.13,1.07,-0.05,0.02,-0.01,125672,29439
10.08,0.14,1.07,-0.05,0.03,-0.01,125649,29424
10.11,0.14,1.04,-0.05,0.02,-0.01,125731,29413
10.08,0.11,1.06,-0.05,0.02,-0.01,125872,29452
10.1,0.15,1.09,-0.05,0.02,-0.01,126132,29509
10.07,0.15,1.03,-0.03,0.03,-0.01,126370,29550
10.05,0.12,1.03,-0.05,0.02,-0.01,126325,29522
10.06,0.14,1.05,-0.05,0.02,-0.01,126058,29486
10.06,0.15,1.07,-0.06,0.03,-0.01,125637,29420
10.11,0.15,1.02,-0.05,0.02,-0.01,124980,29359
10.12,0.16,0.98,-0.06,0.03,-0.01,124901,29346
10.07,0.12,1.04,-0.06,0.02,-0.01,124902,29337
10.11,0.13,1.04,-0.05,0.02,-0.01,125094,29378
10.09,0.11,1.02,-0.05,0.02,-0.01,125276,29397
10.09,0.14,1.05,-0.05,0.03,-0.01,125334,29417
10.1,0.13,1.02,-0.05,0.03,-0.01,125344,29433
10.12,0.15,1.02,-0.05,0.03,-0.01,125399,29432
10.1,0.13,1.03,-0.05,0.02,-0.01,125374,29383
10.1,0.15,1.04,-0.05,0.02,-0.01,125049,29334
10.11,0.12,1.03,-0.06,0.02,-0.01,124637,29302
10.1,0.12,1.04,-0.06,0.02,-0.01,124423,29272
10.11,0.11,1.06,-0.05,0.02,-0.01,124347,29275
10.12,0.15,1.01,-0.05,0.02,-0.01,124307,29261
10.11,0.1,1.02,-0.05,0.02,-0.01,124298,29313
10.1,0.12,1.02,-0.05,0.02,-0.01,124381,29337
10.1,0.14,1.07,-0.05,0.02,-0.01,124501,29339
10.11,0.13,1.06,-0.05,0.03,-0.01,124541,29326
10.12,0.11,1.01,-0.05,0.02,-0.01,124654,29352
10.06,0.15,1.03,-0.05,0.02,-0.01,124760,29364
10.1,0.12,1.04,-0.05,0.03,-0.01,124797,29341
10.12,0.11,1.02,-0.05,0.02,-0.01,124894,29370
10.09,0.12,1.02,-0.05,0.02,-0.01,125131,29421
10.11,0.14,1.08,-0.05,0.03,-0.01,125294,29453
10.1,0.1,1.07,-0.05,0.03,-0.01,125313,29456
10.1,0.14,1.02,-0.05,0.03,-0.01,125385,29467
10.09,0.13,1.09,-0.05,0.02,-0.01,125570,29479
10.11,0.16,1.06,-0.04,0.03,-0.01,125759,29507
10.1,0.12,1.04,-0.04,0.02,-0.01,125887,29513
10.07,0.13,1.04,-0.04,0.02,-0.02,125771,29487
10.07,0.14,1.1,-0.05,0.03,-0.01,125534,29447
10.13,0.16,1.08,-0.05,0.02,-0.01,125446,29475
10.07,0.09,1.09,-0.05,0.02,-0.01,125440,29496
10.09,0.13,1.06,-0.05,0.03,-0.01,125311,29467
10.09,0.14,1.08,-0.05,0.02,-0.01,125302,29484
10.1,0.12,1.07,-0.05,0.02,-0.01,125419,29473
10.07,0.17,1.01,-0.05,0.02,-0.01,125525,29476
10.07,0.14,1.03,-0.05,0.02,-0.01,125504,29470
10.08,0.16,1.07,-0.05,0.02,-0.01,125526,29454
10.08,0.14,1.05,-0.05,0.02,-0.01,125579,29474
10.08,0.13,1.0,-0.05,0.02,-0.01,125693,29513
10.12,0.14,1.08,-0.05,0.02,-0.02,125771,29537
10.06,0.09,1.06,-0.05,0.02,-0.01,125820,29529
10.08,0.15,0.99,-0.06,0.02,-0.01,125847,29527
10.12,0.1,1.05,-0.05,0.02,-0.01,125895,29515
10.08,0.18,1.02,-0.06,0.02,-0.01,125906,29519
10.09,0.14,1.0,-0.06,0.02,-0.01,125968,29504
10.11,0.14,1.03,-0.06,0.02,-0.01,126041,29499
10.11,0.13,1.03,-0.06,0.02,-0.01,126042,29487
10.07,0.13,1.05,-0.07,0.02,-0.01,125730,29479
10.12,0.13,1.01,-0.05,0.02,-0.01,125413,29485
10.1,0.08,1.07,-0.05,0.03,-0.01,125215,29442
10.11,0.13,1.07,-0.05,0.02,-0.01,125067,29410
10.11,0.15,1.0,-0.05,0.02,-0.01,125001,29401
10.11,0.15,1.0,-0.05,0.02,-0.01,124946,29392
10.1,0.14,1.02,-0.06,0.02,-0.01,124994,29390
10.07,0.14,1.0,-0.05,0.02,-0.02,125219,29416
10.15,0.14,1.05,-0.05,0.02,-0.01,125304,29447
10.1,0.11,1.0,-0.05,0.02,-0.01,125448,29514
10.13,0.16,1.03,-0.04,0.02,-0.01,125786,29553
10.1,0.17,1.03,-0.05,0.02,-0.01,125907,29541
10.07,0.13,1.03,-0.07,0.03,-0.01,125833,29519
10.09,0.15,1.0,-0.06,0.03,-0.01,125842,29508
10.08,0.14,1.09,-0.05,0.02,-0.01,125834,29497
10.14,0.12,1.0,-0.05,0.02,-0.01,125878,29473
10.12,0.12,1.01,-0.06,0.02,-0.02,125950,29488
10.09,0.17,1.08,-0.07,0.03,-0.01,125923,29500
10.11,0.11,1.07,-0.06,0.02,-0.01,125918,29505
10.08,0.12,1.05,-0.05,0.02,-0.01,125934,29511
10.09,0.14,1.06,-0.05,0.03,-0.01,125902,29478
10.1,0.12,1.09,-0.05,0.03,-0.01,125519,29412
10.12,0.12,1.07,-0.06,0.02,-0.01,125044,29366
10.11,0.14,1.07,-0.06,0.03,-0.01,124711,29324
10.06,0.1,1.07,-0.06,0.02,-0.01,124501,29292
10.11,0.17,1.04,-0.05,0.02,-0.01,124473,29310
10.13,0.16,1.04,-0.05,0.01,-0.02,124611,29326
10.08,0.13,1.04,-0.05,0.02,-0.01,124669,29341
10.07,0.16,1.08,-0.05,0.02,-0.02,124737,29369
10.11,0.11,1.04,-0.05,0.02,-0.01,124833,29379
10.09,0.14,1.07,-0.06,0.02,-0.02,124843,29352
10.06,0.1,1.07,-0.06,0.02,-0.01,124760,29344
10.07,0.14,1.06,-0.06,0.02,-0.01,124765,29351
10.1,0.15,1.05,-0.05,0.02,-0.01,124853,29341
10.08,0.13,0.98,-0.05,0.02,-0.01,124925,29334
10.09,0.17,1.03,-0.05,0.02,-0.01,125018,29356
10.09,0.11,1.02,-0.05,0.02,-0.01,125150,29399
10.1,0.16,1.03,-0.05,0.02,-0.01,125263,29437
10.06,0.09,1.06,-0.05,0.02,-0.01,125464,29458
10.11,0.16,1.07,-0.04,0.02,-0.01,125704,29485
10.1,0.1,1.03,-0.04,0.02,-0.01,125879,29484
10.06,0.14,1.02,-0.05,0.02,-0.01,125755,29456
10.11,0.15,1.04,-0.06,0.03,-0.01,125307,29388
10.09,0.11,1.05,-0.06,0.02,-0.01,124931,29343
10.09,0.14,1.04,-0.05,0.02,-0.01,124946,29376
10.1,0.14,1.04,-0.05,0.02,-0.01,125086,29415
10.06,0.15,1.03,-0.05,0.02,-0.01,125028,29426
10.06,0.15,1.04,-0.05,0.02,-0.01,125030,29431
10.07,0.14,1.0,-0.05,0.02,-0.01,125152,29436
10.12,0.15,1.06,-0.05,0.02,-0.01,125210,29425
10.08,0.13,1.02,-0.05,0.02,-0.01,125197,29416
10.07,0.11,1.03,-0.09,0.02,-0.01,126513,29561
10.14,0.16,1.06,-0.11,0.02,-0.02,126304,29546
10.13,0.07,1.08,-0.09,0.03,-0.01,125999,29547
10.09,0.14,1.02,-0.05,0.02,-0.01,125856,29520
10.07,0.14,1.02,-0.05,0.02,-0.01,125763,29511
10.07,0.13,1.08,-0.05,0.02,-0.01,125842,29558
10.12,0.08,0.99,-0.02,0.02,-0.01,126086,29591
10.15,0.12,1.06,-0.02,0.02,-0.02,126407,29615
10.11,0.16,1.0,-0.05,0.02,-0.01,126809,29658
10.06,0.1,1.11,-0.02,0.02,-0.01,127081,29715
10.06,0.15,1.03,-0.0,0.03,-0.01,127379,29730
10.07,0.12,1.01,-0.05,0.02,-0.01,127454,29737
10.07,0.14,1.03,-0.05,0.02,-0.01,127517,29727
10.09,0.14,1.06,-0.05,0.02,-0.01,127466,29678
10.09,0.13,1.05,-0.05,0.02,-0.01,127554,29685
10.06,0.16,1.03,-0.05,0.02,-0.01,127562,29650
10.08,0.13,1.03,-0.05,0.02,-0.01,127600,29663
10.1,0.12,1.0,-0.05,0.02,-0.01,127714,29683
10.12,0.14,1.02,-0.05,0.02,-0.01,127784,29729
10.09,0.15,1.02,-0.05,0.02,-0.02,127812,29750
10.08,0.12,1.07,-0.05,0.02,-0.01,127697,29701
10.1,0.14,0.99,-0.05,0.02,-0.01,127325,29643
10.07,0.11,1.04,-0.05,0.02,-0.01,127069,29640
10.11,0.11,1.03,-0.04,0.02,-0.01,126987,29602
10.12,0.13,1.02,-0.05,0.02,-0.01,126876,29574
10.11,0.12,0.98,-0.05,0.02,-0.01,126807,29585
10.1,0.16,1.07,-0.05,0.02,-0.01,126750,29607
10.09,0.09,1.04,-0.05,0.03,-0.01,126851,29627
10.11,0.15,1.02,-0.05,0.02,-0.01,126918,29636
10.09,0.08,1.04,-0.05,0.02,-0.01,126870,29618
10.1,0.16,1.07,-0.05,0.02,-0.01,126929,29618
10.15,0.09,1.0,-0.05,0.02,-0.01,127075,29615
10.08,0.15,1.04,-0.05,0.03,-0.01,127092,29599
10.05,0.12,1.07,-0.04,0.02,-0.01,127215,29595
10.13,0.13,1.06,-0.05,0.03,-0.01,127221,29588
10.11,0.1,1.04,-0.05,0.03,-0.01,127136,29607
10.09,0.15,1.02,-0.06,0.02,-0.01,127062,29596
10.12,0.12,1.07,-0.05,0.02,-0.01,126925,29576
10.11,0.12,1.04,-0.06,0.02,-0.01,126845,29554
10.06,0.11,1.01,-0.05,0.02,-0.01,126972,29566
10.05,0.15,1.07,-0.05,0.02,-0.01,127055,29570
10.12,0.12,1.04,-0.05,0.03,-0.01,126989,29528
10.1,0.14,1.08,-0.05,0.02,-0.02,126753,29535
10.12,0.08,1.06,-0.05,0.02,-0.01,126661,29562
10.11,0.16,1.01,-0.05,0.02,-0.01,126648,29584
10.09,0.11,1.07,-0.04,0.02,-0.02,126581,29582
10.07,0.14,1.03,-0.05,0.02,-0.01,126580,29580
10.06,0.11,1.02,-0.05,0.02,-0.01,126621,29571
10.05,0.15,1.04,-0.05,0.03,-0.01,126791,29586
10.13,0.14,1.04,-0.04,0.02,-0.01,126914,29566
10.08,0.1,1.02,-0.05,0.02,-0.01,126993,29579
10.09,0.13,1.01,-0.04,0.02,-0.01,127214,29607
10.06,0.15,1.03,-0.03,0.03,-0.01,127394,29653
10.12,0.14,0.99,-0.05,0.02,-0.01,127587,29687
10.12,0.15,1.07,-0.05,0.02,-0.01,127720,29672
10.09,0.13,1.08,-0.05,0.02,-0.01,127869,29663
10.08,0.14,1.03,-0.05,0.02,-0.01,128058,29671
10.09,0.13,1.01,-0.05,0.02,-0.01,128197,29666
10.09,0.14,1.04,-0.05,0.02,-0.01,128298,29659
10.09,0.12,1.04,-0.05,0.02,-0.01,128404,29678
10.13,0.17,1.0,-0.05,0.02,-0.01,128405,29684
10.11,0.12,1.05,-0.05,0.02,-0.02,128175,29682
10.1,0.13,1.04,-0.05,0.02,-0.01,128027,29665
10.08,0.12,1.0,-0.05,0.02,-0.01,127930,29639
10.08,0.12,1.06,-0.05,0.02,-0.01,127780,29608
10.08,0.11,1.05,-0.05,0.02,-0.01,127701,29589
10.05,0.12,0.98,-0.05,0.02,-0.01,127761,29586
10.15,0.09,1.04,-0.05,0.02,-0.02,127880,29581
10.13,0.16,1.02,-0.05,0.02,-0.01,127948,29595
10.08,0.14,1.02,-0.05,0.02,-0.01,127978,29634
10.09,0.13,1.06,-0.05,0.03,-0.01,127971,29640
10.12,0.13,1.05,-0.05,0.02,-0.01,127974,29633
10.08,0.12,1.05,-0.05,0.02,-0.01,128031,29619
10.1,0.13,1.04,-0.05,0.02,-0.01,128136,29622
10.12,0.12,1.07,-0.05,0.02,-0.01,128175,29606
10.09,0.13,1.02,-0.05,0.02,-0.02,128193,29581
10.09,0.14,1.05,-0.05,0.02,-0.01,128205,29606
10.09,0.11,1.07,-0.05,0.03,-0.01,128344,29650
10.11,0.12,1.07,-0.05,0.02,-0.01,128472,29668
10.09,0.13,1.05,-0.05,0.02,-0.01,128333,29652
10.12,0.15,1.07,-0.05,0.03,-0.01,128045,29605
10.12,0.12,1.02,-0.05,0.02,-0.01,127811,29549
10.06,0.12,1.04,-0.06,0.02,-0.01,127436,29465
10.11,0.17,1.06,-0.06,0.03,-0.01,126908,29386
10.1,0.12,1.07,-0.07,0.02,-0.01,126558,29319
10.07,0.14,1.06,-0.05,0.02,-0.01,126510,29377
10.1,0.19,0.97,-0.02,0.03,-0.01,126679,29395
10.07,0.14,1.06,-0.05,0.02,-0.01,126630,29421
10.09,0.1,1.05,-0.05,0.02,-0.01,126658,29368
10.07,0.15,1.02,-0.07,0.01,-0.01,126458,29347
10.11,0.07,1.08,-0.03,0.02,-0.02,126523,29321
10.11,0.17,0.97,-0.07,0.03,-0.01,126266,29267
10.09,0.1,1.06,-0.05,0.02,-0.01,126097,29233
10.08,0.15,1.03,-0.05,0.02,-0.01,126142,29243
10.1,0.15,0.99,-0.06,0.02,-0.01,126044,29221
10.07,0.1,1.06,-0.08,0.02,-0.01,125855,29236
10.13,0.15,1.04,-0.05,0.02,-0.01,125869,29217
10.1,0.09,1.03,-0.11,0.02,-0.01,125693,29196
10.1,0.14,1.07,-0.05,0.02,-0.01,125853,29203
10.13,0.13,0.97,-0.06,0.03,-0.01,125753,29166
